/*
Navicat MySQL Data Transfer

Source Server         : localhost
Source Server Version : 50717
Source Host           : localhost:3306
Source Database       : spring_security

Target Server Type    : MYSQL
Target Server Version : 50717
File Encoding         : 65001

Date: 2020-10-21 10:10:19
*/

SET FOREIGN_KEY_CHECKS=0;

-- ----------------------------
-- Table structure for datadict
-- ----------------------------
DROP TABLE IF EXISTS `datadict`;
CREATE TABLE `datadict` (
  `id` int(11) NOT NULL AUTO_INCREMENT,
  `tid` int(11) DEFAULT NULL,
  `app` varchar(255) DEFAULT NULL,
  `topic` varchar(255) NOT NULL,
  PRIMARY KEY (`id`) USING BTREE,
  UNIQUE KEY `topic` (`topic`)
) ENGINE=InnoDB AUTO_INCREMENT=49 DEFAULT CHARSET=utf8 ROW_FORMAT=DYNAMIC;

-- ----------------------------
-- Records of datadict
-- ----------------------------
INSERT INTO `datadict` VALUES ('28', '1', null, '菜单图标');
INSERT INTO `datadict` VALUES ('29', '1', 'tJBZ9RsjDotEoefadbftQC', '车辆台账安全信息');
INSERT INTO `datadict` VALUES ('31', '1', 'tJBZ9RsjDotEoefadbftQC', '驾照类型');
INSERT INTO `datadict` VALUES ('32', '1', 'tJBZ9RsjDotEoefadbftQC', '消息类型');
INSERT INTO `datadict` VALUES ('34', '1', 'tJBZ9RsjDotEoefadbftQC', '车辆类型');
INSERT INTO `datadict` VALUES ('38', '1', 'tJBZ9RsjDotEoefadbftQC', '大车维护');
INSERT INTO `datadict` VALUES ('39', '1', 'tJBZ9RsjDotEoefadbftQC', '小车维护');
INSERT INTO `datadict` VALUES ('40', '1', 'tJBZ9RsjDotEoefadbftQC', '食材类别');
INSERT INTO `datadict` VALUES ('41', '1', 'tJBZ9RsjDotEoefadbftQC', '流程类型');
INSERT INTO `datadict` VALUES ('42', '1', 'tJBZ9RsjDotEoefadbftQC', '任务类型');
INSERT INTO `datadict` VALUES ('43', '1', 'tJBZ9RsjDotEoefadbftQC', '食堂菜单分类');
INSERT INTO `datadict` VALUES ('46', '1', 'tJBZ9RsjDotEoefadbftQC', '就餐类型');
INSERT INTO `datadict` VALUES ('47', '1', 'tJBZ9RsjDotEoefadbftQC', '采购评价类型');
INSERT INTO `datadict` VALUES ('48', '1', 'tJBZ9RsjDotEoefadbftQC', '维保最高预算费用');

-- ----------------------------
-- Table structure for dictitem
-- ----------------------------
DROP TABLE IF EXISTS `dictitem`;
CREATE TABLE `dictitem` (
  `id` int(11) NOT NULL AUTO_INCREMENT,
  `dict` int(11) NOT NULL,
  `code` int(11) DEFAULT NULL,
  `text` varchar(255) DEFAULT NULL,
  `type` varchar(255) DEFAULT NULL,
  PRIMARY KEY (`id`) USING BTREE,
  KEY `fk_item_dict` (`dict`) USING BTREE,
  CONSTRAINT `fk_item_dict` FOREIGN KEY (`dict`) REFERENCES `datadict` (`id`) ON DELETE CASCADE
) ENGINE=InnoDB AUTO_INCREMENT=269 DEFAULT CHARSET=utf8 ROW_FORMAT=DYNAMIC;

-- ----------------------------
-- Records of dictitem
-- ----------------------------
INSERT INTO `dictitem` VALUES ('99', '28', '1', 'user', null);
INSERT INTO `dictitem` VALUES ('102', '28', '4', 'home', null);
INSERT INTO `dictitem` VALUES ('136', '28', '5', 'solution', null);
INSERT INTO `dictitem` VALUES ('137', '28', '6', 'idcard', null);
INSERT INTO `dictitem` VALUES ('138', '28', '7', 'line-chart', null);
INSERT INTO `dictitem` VALUES ('140', '28', '9', 'link', null);
INSERT INTO `dictitem` VALUES ('141', '28', '10', 'book', null);
INSERT INTO `dictitem` VALUES ('142', '28', '11', 'user-add', null);
INSERT INTO `dictitem` VALUES ('143', '28', '12', 'exception', null);
INSERT INTO `dictitem` VALUES ('144', '28', '13', 'export', null);
INSERT INTO `dictitem` VALUES ('145', '28', '14', 'calculator', null);
INSERT INTO `dictitem` VALUES ('146', '28', '2', 'setting', null);
INSERT INTO `dictitem` VALUES ('164', '28', '15', 'schedule', null);
INSERT INTO `dictitem` VALUES ('165', '29', '1', '机油、刹车油、变速箱油、动力转向油的液面高度是否符合标准？', null);
INSERT INTO `dictitem` VALUES ('166', '29', '2', '散热器水量、燃料油量、冷却液、润滑油油量是否合乎规定？', null);
INSERT INTO `dictitem` VALUES ('167', '29', '3', '轮胎气压是否符合标准？', null);
INSERT INTO `dictitem` VALUES ('168', '29', '4', '各部件是否有漏水、漏油、漏气、漏电现象？', null);
INSERT INTO `dictitem` VALUES ('169', '29', '5', '轮胎、半轴、传动轴、钢板弹簧等部位的螺栓、螺母是否齐全有效？', null);
INSERT INTO `dictitem` VALUES ('170', '29', '6', '转向装置和横、直拉杆等连接部位是否牢固？', null);
INSERT INTO `dictitem` VALUES ('171', '29', '7', '手制动器、脚制动器、离合器和油门的工作情况是否良好？', null);
INSERT INTO `dictitem` VALUES ('172', '29', '8', '灯光信号、喇叭、仪表盘、雨刮器的工作情况是否正常？', null);
INSERT INTO `dictitem` VALUES ('173', '29', '9', '压缩机、风扇、发电机等部位的皮带松紧度是否符合要求？', null);
INSERT INTO `dictitem` VALUES ('174', '29', '10', '发动机运转是否有强烈抖动以及较大异响等不正常现象？', null);
INSERT INTO `dictitem` VALUES ('175', '29', '11', '行驶证、保险卡以及驾驶员证件是否齐全？', null);
INSERT INTO `dictitem` VALUES ('177', '31', '1', 'A1', null);
INSERT INTO `dictitem` VALUES ('178', '31', '2', 'A2', null);
INSERT INTO `dictitem` VALUES ('179', '31', '3', 'A3', null);
INSERT INTO `dictitem` VALUES ('180', '31', '4', 'B1', null);
INSERT INTO `dictitem` VALUES ('181', '31', '5', 'B2', null);
INSERT INTO `dictitem` VALUES ('182', '31', '6', 'C1', null);
INSERT INTO `dictitem` VALUES ('183', '31', '7', 'C2', null);
INSERT INTO `dictitem` VALUES ('184', '31', '8', 'C3', null);
INSERT INTO `dictitem` VALUES ('185', '31', '9', 'C4', null);
INSERT INTO `dictitem` VALUES ('186', '31', '10', 'D', null);
INSERT INTO `dictitem` VALUES ('187', '31', '11', 'E', null);
INSERT INTO `dictitem` VALUES ('188', '31', '12', 'F', null);
INSERT INTO `dictitem` VALUES ('189', '31', '13', 'M', null);
INSERT INTO `dictitem` VALUES ('190', '31', '14', 'N', null);
INSERT INTO `dictitem` VALUES ('191', '31', '15', 'P', null);
INSERT INTO `dictitem` VALUES ('192', '32', '1', '保养提醒', null);
INSERT INTO `dictitem` VALUES ('193', '32', '2', '保险提醒', null);
INSERT INTO `dictitem` VALUES ('194', '32', '3', '年检提醒', null);
INSERT INTO `dictitem` VALUES ('195', '32', '4', '派车提醒-驾驶员', null);
INSERT INTO `dictitem` VALUES ('196', '32', '5', '派车提醒-申请人', null);
INSERT INTO `dictitem` VALUES ('197', '32', '6', '收车提醒', null);
INSERT INTO `dictitem` VALUES ('201', '34', '1', '轿车', null);
INSERT INTO `dictitem` VALUES ('202', '34', '2', '越野车', null);
INSERT INTO `dictitem` VALUES ('203', '34', '3', '商务车', null);
INSERT INTO `dictitem` VALUES ('204', '34', '4', '客车', null);
INSERT INTO `dictitem` VALUES ('205', '34', '5', '皮卡', null);
INSERT INTO `dictitem` VALUES ('206', '34', '6', '轻卡', null);
INSERT INTO `dictitem` VALUES ('213', '38', '1', '4', null);
INSERT INTO `dictitem` VALUES ('214', '39', '1', '1,2,3,5,6', null);
INSERT INTO `dictitem` VALUES ('216', '40', '1', '粮油', null);
INSERT INTO `dictitem` VALUES ('217', '40', '2', '调味品', null);
INSERT INTO `dictitem` VALUES ('218', '40', '3', '干杂', null);
INSERT INTO `dictitem` VALUES ('219', '40', '4', '鲜肉类', null);
INSERT INTO `dictitem` VALUES ('220', '40', '5', '蔬菜类', null);
INSERT INTO `dictitem` VALUES ('221', '41', '1', '车辆维保', null);
INSERT INTO `dictitem` VALUES ('222', '41', '2', '派车', null);
INSERT INTO `dictitem` VALUES ('223', '41', '3', '驾驶员考评', null);
INSERT INTO `dictitem` VALUES ('224', '41', '4', '申购清单', null);
INSERT INTO `dictitem` VALUES ('225', '41', '5', '食材定价', null);
INSERT INTO `dictitem` VALUES ('226', '41', '6', '外来人员就餐申请', null);
INSERT INTO `dictitem` VALUES ('227', '41', '7', '接待申请', null);
INSERT INTO `dictitem` VALUES ('228', '42', '1', '出车任务', null);
INSERT INTO `dictitem` VALUES ('229', '42', '2', '维保验收', null);
INSERT INTO `dictitem` VALUES ('231', '43', '1', '早餐', null);
INSERT INTO `dictitem` VALUES ('232', '43', '2', '中餐', null);
INSERT INTO `dictitem` VALUES ('233', '43', '3', '晚餐', null);
INSERT INTO `dictitem` VALUES ('234', '43', '4', '宵夜', null);
INSERT INTO `dictitem` VALUES ('241', '46', '1', '早餐', null);
INSERT INTO `dictitem` VALUES ('242', '46', '2', '午餐', null);
INSERT INTO `dictitem` VALUES ('243', '46', '3', '晚餐', null);
INSERT INTO `dictitem` VALUES ('244', '47', '1', '菜品质量', null);
INSERT INTO `dictitem` VALUES ('245', '47', '2', '新鲜程度', null);
INSERT INTO `dictitem` VALUES ('246', '47', '3', '服务水平', null);
INSERT INTO `dictitem` VALUES ('247', '41', '8', '就餐人数变更', null);
INSERT INTO `dictitem` VALUES ('248', '41', '9', '车辆维保-费用超额', null);
INSERT INTO `dictitem` VALUES ('249', '48', '1', '5000', null);
INSERT INTO `dictitem` VALUES ('250', '28', '3', 'coffee', null);
INSERT INTO `dictitem` VALUES ('251', '28', '4', 'global', null);
INSERT INTO `dictitem` VALUES ('252', '28', '8', 'fork', null);
INSERT INTO `dictitem` VALUES ('253', '28', '16', 'bars', null);
INSERT INTO `dictitem` VALUES ('254', '28', '17', 'red-envelope', null);
INSERT INTO `dictitem` VALUES ('255', '28', '18', 'bank', null);
INSERT INTO `dictitem` VALUES ('256', '28', '19', 'car', null);
INSERT INTO `dictitem` VALUES ('257', '28', '20', 'camera', null);
INSERT INTO `dictitem` VALUES ('258', '28', '21', 'shopping-cart', null);
INSERT INTO `dictitem` VALUES ('259', '28', '22', 'team', null);
INSERT INTO `dictitem` VALUES ('260', '28', '23', 'apple-o', null);
INSERT INTO `dictitem` VALUES ('261', '28', '24', 'man', null);
INSERT INTO `dictitem` VALUES ('262', '28', '25', 'hdd', null);
INSERT INTO `dictitem` VALUES ('263', '28', '26', 'cloud-download-o', null);
INSERT INTO `dictitem` VALUES ('264', '28', '27', 'wallet', null);
INSERT INTO `dictitem` VALUES ('265', '28', '28', 'gift', null);
INSERT INTO `dictitem` VALUES ('266', '28', '29', 'bars', null);
INSERT INTO `dictitem` VALUES ('267', '41', '10', '配送清单', null);
INSERT INTO `dictitem` VALUES ('268', '28', '30', 'rocket', null);

-- ----------------------------
-- Table structure for oauth_access_token
-- ----------------------------
DROP TABLE IF EXISTS `oauth_access_token`;
CREATE TABLE `oauth_access_token` (
  `token_id` varchar(128) DEFAULT NULL,
  `token` blob,
  `authentication_id` varchar(128) NOT NULL,
  `user_name` varchar(256) DEFAULT NULL,
  `client_id` varchar(256) DEFAULT NULL,
  `authentication` blob,
  `refresh_token` varchar(256) DEFAULT NULL,
  PRIMARY KEY (`authentication_id`)
) ENGINE=InnoDB DEFAULT CHARSET=utf8;

-- ----------------------------
-- Records of oauth_access_token
-- ----------------------------
INSERT INTO `oauth_access_token` VALUES ('dcbba12f4e734c3f8d634d14ae3682c7', 0xACED0005737200436F72672E737072696E676672616D65776F726B2E73656375726974792E6F61757468322E636F6D6D6F6E2E44656661756C744F4175746832416363657373546F6B656E0CB29E361B24FACE0200064C00156164646974696F6E616C496E666F726D6174696F6E74000F4C6A6176612F7574696C2F4D61703B4C000A65787069726174696F6E7400104C6A6176612F7574696C2F446174653B4C000C72656672657368546F6B656E74003F4C6F72672F737072696E676672616D65776F726B2F73656375726974792F6F61757468322F636F6D6D6F6E2F4F417574683252656672657368546F6B656E3B4C000573636F706574000F4C6A6176612F7574696C2F5365743B4C0009746F6B656E547970657400124C6A6176612F6C616E672F537472696E673B4C000576616C756571007E000578707372001E6A6176612E7574696C2E436F6C6C656374696F6E7324456D7074794D6170593614855ADCE7D002000078707372000E6A6176612E7574696C2E44617465686A81014B59741903000078707708000001752CC70A3E787372004C6F72672E737072696E676672616D65776F726B2E73656375726974792E6F61757468322E636F6D6D6F6E2E44656661756C744578706972696E674F417574683252656672657368546F6B656E2FDF47639DD0C9B70200014C000A65787069726174696F6E71007E0002787200446F72672E737072696E676672616D65776F726B2E73656375726974792E6F61757468322E636F6D6D6F6E2E44656661756C744F417574683252656672657368546F6B656E73E10E0A6354D45E0200014C000576616C756571007E0005787074002431643734306632322D663766332D346531322D383637612D3431396165303835333061367371007E0009770800000175C4B2A43D78737200256A6176612E7574696C2E436F6C6C656374696F6E7324556E6D6F6469666961626C65536574801D92D18F9B80550200007872002C6A6176612E7574696C2E436F6C6C656374696F6E7324556E6D6F6469666961626C65436F6C6C656374696F6E19420080CB5EF71E0200014C0001637400164C6A6176612F7574696C2F436F6C6C656374696F6E3B7870737200176A6176612E7574696C2E4C696E6B656448617368536574D86CD75A95DD2A1E020000787200116A6176612E7574696C2E48617368536574BA44859596B8B7340300007870770C000000043F40000000000003740008524F4C455F415049740009524F4C455F5553455274000A524F4C455F41444D494E7874000662656172657274002430303766643931382D616264642D343534372D613163652D376565623831313864633430, '1c41e99a3fc6806bd543330510ce670c', 'admin', 'client', 0xACED0005737200416F72672E737072696E676672616D65776F726B2E73656375726974792E6F61757468322E70726F76696465722E4F417574683241757468656E7469636174696F6EBD400B02166252130200024C000D73746F7265645265717565737474003C4C6F72672F737072696E676672616D65776F726B2F73656375726974792F6F61757468322F70726F76696465722F4F4175746832526571756573743B4C00127573657241757468656E7469636174696F6E7400324C6F72672F737072696E676672616D65776F726B2F73656375726974792F636F72652F41757468656E7469636174696F6E3B787200476F72672E737072696E676672616D65776F726B2E73656375726974792E61757468656E7469636174696F6E2E416273747261637441757468656E7469636174696F6E546F6B656ED3AA287E6E47640E0200035A000D61757468656E746963617465644C000B617574686F7269746965737400164C6A6176612F7574696C2F436F6C6C656374696F6E3B4C000764657461696C737400124C6A6176612F6C616E672F4F626A6563743B787000737200266A6176612E7574696C2E436F6C6C656374696F6E7324556E6D6F6469666961626C654C697374FC0F2531B5EC8E100200014C00046C6973747400104C6A6176612F7574696C2F4C6973743B7872002C6A6176612E7574696C2E436F6C6C656374696F6E7324556E6D6F6469666961626C65436F6C6C656374696F6E19420080CB5EF71E0200014C00016371007E00047870737200136A6176612E7574696C2E41727261794C6973747881D21D99C7619D03000149000473697A65787000000009770400000009737200426F72672E737072696E676672616D65776F726B2E73656375726974792E636F72652E617574686F726974792E53696D706C654772616E746564417574686F7269747900000000000002120200014C0004726F6C657400124C6A6176612F6C616E672F537472696E673B787074000653797374656D7371007E000D74001353797374656D436F6E74656E7444656C6574657371007E000D74001353797374656D436F6E74656E74496E736572747371007E000D74001353797374656D436F6E74656E745570646174657371007E000D74001153797374656D436F6E74656E74566965777371007E000D74000A53797374656D557365727371007E000D74001053797374656D5573657244656C6574657371007E000D74001053797374656D55736572496E736572747371007E000D74001053797374656D557365725570646174657871007E000C707372003A6F72672E737072696E676672616D65776F726B2E73656375726974792E6F61757468322E70726F76696465722E4F41757468325265717565737400000000000000010200075A0008617070726F7665644C000B617574686F72697469657371007E00044C000A657874656E73696F6E7374000F4C6A6176612F7574696C2F4D61703B4C000B726564697265637455726971007E000E4C00077265667265736874003B4C6F72672F737072696E676672616D65776F726B2F73656375726974792F6F61757468322F70726F76696465722F546F6B656E526571756573743B4C000B7265736F7572636549647374000F4C6A6176612F7574696C2F5365743B4C000D726573706F6E7365547970657371007E0024787200386F72672E737072696E676672616D65776F726B2E73656375726974792E6F61757468322E70726F76696465722E426173655265717565737436287A3EA37169BD0200034C0008636C69656E74496471007E000E4C001172657175657374506172616D657465727371007E00224C000573636F706571007E00247870740006636C69656E74737200256A6176612E7574696C2E436F6C6C656374696F6E7324556E6D6F6469666961626C654D6170F1A5A8FE74F507420200014C00016D71007E00227870737200116A6176612E7574696C2E486173684D61700507DAC1C31660D103000246000A6C6F6164466163746F724900097468726573686F6C6478703F400000000000067708000000080000000574000D726573706F6E73655F74797065740004636F6465740004636F6465740006366F7336673974000D636C69656E745F73656372657474000673656372657474000A6772616E745F74797065740012617574686F72697A6174696F6E5F636F6465740009636C69656E745F6964740006636C69656E7478737200256A6176612E7574696C2E436F6C6C656374696F6E7324556E6D6F6469666961626C65536574801D92D18F9B80550200007871007E0009737200176A6176612E7574696C2E4C696E6B656448617368536574D86CD75A95DD2A1E020000787200116A6176612E7574696C2E48617368536574BA44859596B8B7340300007870770C000000103F40000000000003740008524F4C455F415049740009524F4C455F5553455274000A524F4C455F41444D494E78017371007E0039770C000000103F40000000000000787371007E002A3F400000000000007708000000100000000078740014687474703A2F2F7777772E62616964752E636F6D707371007E0039770C000000103F400000000000037400037265737400046175746874000776656869636C65787371007E0039770C000000103F4000000000000171007E002D787372004F6F72672E737072696E676672616D65776F726B2E73656375726974792E61757468656E7469636174696F6E2E557365726E616D6550617373776F726441757468656E7469636174696F6E546F6B656E00000000000002120200024C000B63726564656E7469616C7371007E00054C00097072696E636970616C71007E00057871007E0003017371007E00077371007E000B0000000977040000000971007E000F71007E001171007E001371007E001571007E001771007E001971007E001B71007E001D71007E001F7871007E0049737200486F72672E737072696E676672616D65776F726B2E73656375726974792E7765622E61757468656E7469636174696F6E2E57656241757468656E7469636174696F6E44657461696C7300000000000002120200024C000D72656D6F74654164647265737371007E000E4C000973657373696F6E496471007E000E787074000F303A303A303A303A303A303A303A31740020453537373037314143373132354135323736304642314545453831363431413570737200326F72672E737072696E676672616D65776F726B2E73656375726974792E636F72652E7573657264657461696C732E5573657200000000000002120200075A00116163636F756E744E6F6E457870697265645A00106163636F756E744E6F6E4C6F636B65645A001563726564656E7469616C734E6F6E457870697265645A0007656E61626C65644C000B617574686F72697469657371007E00244C000870617373776F726471007E000E4C0008757365726E616D6571007E000E7870010101017371007E0036737200116A6176612E7574696C2E54726565536574DD98509395ED875B0300007870737200466F72672E737072696E676672616D65776F726B2E73656375726974792E636F72652E7573657264657461696C732E5573657224417574686F72697479436F6D70617261746F720000000000000212020000787077040000000971007E000F71007E001171007E001371007E001571007E001771007E001971007E001B71007E001D71007E001F787074000561646D696E, '31b0db4e97e45e86d813e68a53fb1886');
INSERT INTO `oauth_access_token` VALUES ('6f651acfd236f28a1a3ede10fa002168', 0xACED0005737200436F72672E737072696E676672616D65776F726B2E73656375726974792E6F61757468322E636F6D6D6F6E2E44656661756C744F4175746832416363657373546F6B656E0CB29E361B24FACE0200064C00156164646974696F6E616C496E666F726D6174696F6E74000F4C6A6176612F7574696C2F4D61703B4C000A65787069726174696F6E7400104C6A6176612F7574696C2F446174653B4C000C72656672657368546F6B656E74003F4C6F72672F737072696E676672616D65776F726B2F73656375726974792F6F61757468322F636F6D6D6F6E2F4F417574683252656672657368546F6B656E3B4C000573636F706574000F4C6A6176612F7574696C2F5365743B4C0009746F6B656E547970657400124C6A6176612F6C616E672F537472696E673B4C000576616C756571007E000578707372001E6A6176612E7574696C2E436F6C6C656374696F6E7324456D7074794D6170593614855ADCE7D002000078707372000E6A6176612E7574696C2E44617465686A81014B59741903000078707708000001752D6603FD787372004C6F72672E737072696E676672616D65776F726B2E73656375726974792E6F61757468322E636F6D6D6F6E2E44656661756C744578706972696E674F417574683252656672657368546F6B656E2FDF47639DD0C9B70200014C000A65787069726174696F6E71007E0002787200446F72672E737072696E676672616D65776F726B2E73656375726974792E6F61757468322E636F6D6D6F6E2E44656661756C744F417574683252656672657368546F6B656E73E10E0A6354D45E0200014C000576616C756571007E0005787074002434656362623563662D303063342D343165662D623738642D3638303933313861363662327371007E0009770800000175C5519DFC78737200256A6176612E7574696C2E436F6C6C656374696F6E7324556E6D6F6469666961626C65536574801D92D18F9B80550200007872002C6A6176612E7574696C2E436F6C6C656374696F6E7324556E6D6F6469666961626C65436F6C6C656374696F6E19420080CB5EF71E0200014C0001637400164C6A6176612F7574696C2F436F6C6C656374696F6E3B7870737200176A6176612E7574696C2E4C696E6B656448617368536574D86CD75A95DD2A1E020000787200116A6176612E7574696C2E48617368536574BA44859596B8B7340300007870770C000000023F4000000000000174000A524F4C455F41444D494E7874000662656172657274002434383461313137322D363661622D343562332D393066392D373932346634633733343239, 'b98be323871c5262ef3ef1a8157d93f3', 'admin', 'client', 0xACED0005737200416F72672E737072696E676672616D65776F726B2E73656375726974792E6F61757468322E70726F76696465722E4F417574683241757468656E7469636174696F6EBD400B02166252130200024C000D73746F7265645265717565737474003C4C6F72672F737072696E676672616D65776F726B2F73656375726974792F6F61757468322F70726F76696465722F4F4175746832526571756573743B4C00127573657241757468656E7469636174696F6E7400324C6F72672F737072696E676672616D65776F726B2F73656375726974792F636F72652F41757468656E7469636174696F6E3B787200476F72672E737072696E676672616D65776F726B2E73656375726974792E61757468656E7469636174696F6E2E416273747261637441757468656E7469636174696F6E546F6B656ED3AA287E6E47640E0200035A000D61757468656E746963617465644C000B617574686F7269746965737400164C6A6176612F7574696C2F436F6C6C656374696F6E3B4C000764657461696C737400124C6A6176612F6C616E672F4F626A6563743B787000737200266A6176612E7574696C2E436F6C6C656374696F6E7324556E6D6F6469666961626C654C697374FC0F2531B5EC8E100200014C00046C6973747400104C6A6176612F7574696C2F4C6973743B7872002C6A6176612E7574696C2E436F6C6C656374696F6E7324556E6D6F6469666961626C65436F6C6C656374696F6E19420080CB5EF71E0200014C00016371007E00047870737200136A6176612E7574696C2E41727261794C6973747881D21D99C7619D03000149000473697A65787000000009770400000009737200426F72672E737072696E676672616D65776F726B2E73656375726974792E636F72652E617574686F726974792E53696D706C654772616E746564417574686F7269747900000000000002120200014C0004726F6C657400124C6A6176612F6C616E672F537472696E673B787074000653797374656D7371007E000D74001353797374656D436F6E74656E7444656C6574657371007E000D74001353797374656D436F6E74656E74496E736572747371007E000D74001353797374656D436F6E74656E745570646174657371007E000D74001153797374656D436F6E74656E74566965777371007E000D74000A53797374656D557365727371007E000D74001053797374656D5573657244656C6574657371007E000D74001053797374656D55736572496E736572747371007E000D74001053797374656D557365725570646174657871007E000C707372003A6F72672E737072696E676672616D65776F726B2E73656375726974792E6F61757468322E70726F76696465722E4F41757468325265717565737400000000000000010200075A0008617070726F7665644C000B617574686F72697469657371007E00044C000A657874656E73696F6E7374000F4C6A6176612F7574696C2F4D61703B4C000B726564697265637455726971007E000E4C00077265667265736874003B4C6F72672F737072696E676672616D65776F726B2F73656375726974792F6F61757468322F70726F76696465722F546F6B656E526571756573743B4C000B7265736F7572636549647374000F4C6A6176612F7574696C2F5365743B4C000D726573706F6E7365547970657371007E0024787200386F72672E737072696E676672616D65776F726B2E73656375726974792E6F61757468322E70726F76696465722E426173655265717565737436287A3EA37169BD0200034C0008636C69656E74496471007E000E4C001172657175657374506172616D657465727371007E00224C000573636F706571007E00247870740006636C69656E74737200256A6176612E7574696C2E436F6C6C656374696F6E7324556E6D6F6469666961626C654D6170F1A5A8FE74F507420200014C00016D71007E00227870737200116A6176612E7574696C2E486173684D61700507DAC1C31660D103000246000A6C6F6164466163746F724900097468726573686F6C6478703F400000000000067708000000080000000474000A6772616E745F7479706574000870617373776F7264740009636C69656E745F6964740006636C69656E7474000573636F706574000A524F4C455F41444D494E740008757365726E616D6574000561646D696E78737200256A6176612E7574696C2E436F6C6C656374696F6E7324556E6D6F6469666961626C65536574801D92D18F9B80550200007871007E0009737200176A6176612E7574696C2E4C696E6B656448617368536574D86CD75A95DD2A1E020000787200116A6176612E7574696C2E48617368536574BA44859596B8B7340300007870770C000000103F4000000000000171007E003178017371007E0037770C000000103F40000000000000787371007E002A3F40000000000000770800000010000000007870707371007E0037770C000000103F400000000000037400037265737400046175746874000776656869636C65787371007E0037770C000000103F40000000000000787372004F6F72672E737072696E676672616D65776F726B2E73656375726974792E61757468656E7469636174696F6E2E557365726E616D6550617373776F726441757468656E7469636174696F6E546F6B656E00000000000002120200024C000B63726564656E7469616C7371007E00054C00097072696E636970616C71007E00057871007E0003017371007E00077371007E000B0000000977040000000971007E000F71007E001171007E001371007E001571007E001771007E001971007E001B71007E001D71007E001F7871007E0043737200176A6176612E7574696C2E4C696E6B6564486173684D617034C04E5C106CC0FB0200015A000B6163636573734F726465727871007E002A3F4000000000000C7708000000100000000571007E002C71007E002D71007E003071007E003174000D636C69656E745F73656372657474000673656372657471007E002E71007E002F71007E003271007E0033780070737200326F72672E737072696E676672616D65776F726B2E73656375726974792E636F72652E7573657264657461696C732E5573657200000000000002120200075A00116163636F756E744E6F6E457870697265645A00106163636F756E744E6F6E4C6F636B65645A001563726564656E7469616C734E6F6E457870697265645A0007656E61626C65644C000B617574686F72697469657371007E00244C000870617373776F726471007E000E4C0008757365726E616D6571007E000E7870010101017371007E0034737200116A6176612E7574696C2E54726565536574DD98509395ED875B0300007870737200466F72672E737072696E676672616D65776F726B2E73656375726974792E636F72652E7573657264657461696C732E5573657224417574686F72697479436F6D70617261746F720000000000000212020000787077040000000971007E000F71007E001171007E001371007E001571007E001771007E001971007E001B71007E001D71007E001F787074000561646D696E, 'c1142e52f0c095c7f44066c96843803f');

-- ----------------------------
-- Table structure for oauth_approvals
-- ----------------------------
DROP TABLE IF EXISTS `oauth_approvals`;
CREATE TABLE `oauth_approvals` (
  `userId` varchar(128) DEFAULT NULL,
  `clientId` varchar(256) DEFAULT NULL,
  `scope` varchar(256) DEFAULT NULL,
  `status` varchar(10) DEFAULT NULL,
  `expiresAt` timestamp NULL DEFAULT NULL,
  `lastModifiedAt` timestamp NULL DEFAULT NULL
) ENGINE=InnoDB DEFAULT CHARSET=utf8;

-- ----------------------------
-- Records of oauth_approvals
-- ----------------------------

-- ----------------------------
-- Table structure for oauth_client_details
-- ----------------------------
DROP TABLE IF EXISTS `oauth_client_details`;
CREATE TABLE `oauth_client_details` (
  `client_id` varchar(128) NOT NULL,
  `resource_ids` varchar(256) DEFAULT NULL,
  `client_secret` varchar(256) DEFAULT NULL,
  `scope` varchar(256) DEFAULT NULL,
  `authorized_grant_types` varchar(256) DEFAULT NULL,
  `web_server_redirect_uri` varchar(256) DEFAULT NULL,
  `authorities` varchar(256) DEFAULT NULL,
  `access_token_validity` int(11) DEFAULT NULL,
  `refresh_token_validity` int(11) DEFAULT NULL,
  `additional_information` varchar(4096) DEFAULT NULL,
  `autoapprove` varchar(256) DEFAULT NULL,
  PRIMARY KEY (`client_id`)
) ENGINE=InnoDB DEFAULT CHARSET=utf8;

-- ----------------------------
-- Records of oauth_client_details
-- ----------------------------
INSERT INTO `oauth_client_details` VALUES ('client', 'res,auth,vehicle', '$2a$10$7K6gs5QFV15X1zF8fwgJGe/WVx5kVPp/a4.O8bf36TO6Gorae76Mu', 'ROLE_ADMIN,ROLE_USER,ROLE_API', 'client_credentials,password,authorization_code,implicit,refresh_token', 'http://www.baidu.com', null, null, null, null, null);

-- ----------------------------
-- Table structure for oauth_client_token
-- ----------------------------
DROP TABLE IF EXISTS `oauth_client_token`;
CREATE TABLE `oauth_client_token` (
  `token_id` varchar(128) DEFAULT NULL,
  `token` blob,
  `authentication_id` varchar(128) NOT NULL,
  `user_name` varchar(256) DEFAULT NULL,
  `client_id` varchar(256) DEFAULT NULL,
  PRIMARY KEY (`authentication_id`)
) ENGINE=InnoDB DEFAULT CHARSET=utf8;

-- ----------------------------
-- Records of oauth_client_token
-- ----------------------------

-- ----------------------------
-- Table structure for oauth_code
-- ----------------------------
DROP TABLE IF EXISTS `oauth_code`;
CREATE TABLE `oauth_code` (
  `code` varchar(128) DEFAULT NULL,
  `authentication` blob
) ENGINE=InnoDB DEFAULT CHARSET=utf8;

-- ----------------------------
-- Records of oauth_code
-- ----------------------------
INSERT INTO `oauth_code` VALUES ('UDyRuo', 0xACED0005737200416F72672E737072696E676672616D65776F726B2E73656375726974792E6F61757468322E70726F76696465722E4F417574683241757468656E7469636174696F6EBD400B02166252130200024C000D73746F7265645265717565737474003C4C6F72672F737072696E676672616D65776F726B2F73656375726974792F6F61757468322F70726F76696465722F4F4175746832526571756573743B4C00127573657241757468656E7469636174696F6E7400324C6F72672F737072696E676672616D65776F726B2F73656375726974792F636F72652F41757468656E7469636174696F6E3B787200476F72672E737072696E676672616D65776F726B2E73656375726974792E61757468656E7469636174696F6E2E416273747261637441757468656E7469636174696F6E546F6B656ED3AA287E6E47640E0200035A000D61757468656E746963617465644C000B617574686F7269746965737400164C6A6176612F7574696C2F436F6C6C656374696F6E3B4C000764657461696C737400124C6A6176612F6C616E672F4F626A6563743B787000737200266A6176612E7574696C2E436F6C6C656374696F6E7324556E6D6F6469666961626C654C697374FC0F2531B5EC8E100200014C00046C6973747400104C6A6176612F7574696C2F4C6973743B7872002C6A6176612E7574696C2E436F6C6C656374696F6E7324556E6D6F6469666961626C65436F6C6C656374696F6E19420080CB5EF71E0200014C00016371007E00047870737200136A6176612E7574696C2E41727261794C6973747881D21D99C7619D03000149000473697A6578700000000A77040000000A737200426F72672E737072696E676672616D65776F726B2E73656375726974792E636F72652E617574686F726974792E53696D706C654772616E746564417574686F7269747900000000000002120200014C0004726F6C657400124C6A6176612F6C616E672F537472696E673B787074000653797374656D7371007E000D74000D53797374656D436F6E74656E747371007E000D74001353797374656D436F6E74656E7444656C6574657371007E000D74001353797374656D436F6E74656E74496E736572747371007E000D74001353797374656D436F6E74656E745570646174657371007E000D74001153797374656D436F6E74656E74566965777371007E000D74000A53797374656D557365727371007E000D74001053797374656D5573657244656C6574657371007E000D74001053797374656D55736572496E736572747371007E000D74001053797374656D557365725570646174657871007E000C707372003A6F72672E737072696E676672616D65776F726B2E73656375726974792E6F61757468322E70726F76696465722E4F41757468325265717565737400000000000000010200075A0008617070726F7665644C000B617574686F72697469657371007E00044C000A657874656E73696F6E7374000F4C6A6176612F7574696C2F4D61703B4C000B726564697265637455726971007E000E4C00077265667265736874003B4C6F72672F737072696E676672616D65776F726B2F73656375726974792F6F61757468322F70726F76696465722F546F6B656E526571756573743B4C000B7265736F7572636549647374000F4C6A6176612F7574696C2F5365743B4C000D726573706F6E7365547970657371007E0026787200386F72672E737072696E676672616D65776F726B2E73656375726974792E6F61757468322E70726F76696465722E426173655265717565737436287A3EA37169BD0200034C0008636C69656E74496471007E000E4C001172657175657374506172616D657465727371007E00244C000573636F706571007E00267870740006636C69656E74737200256A6176612E7574696C2E436F6C6C656374696F6E7324556E6D6F6469666961626C654D6170F1A5A8FE74F507420200014C00016D71007E00247870737200116A6176612E7574696C2E486173684D61700507DAC1C31660D103000246000A6C6F6164466163746F724900097468726573686F6C6478703F400000000000067708000000080000000374000D726573706F6E73655F74797065740004636F646574000C72656469726563745F757269740014687474703A2F2F7777772E62616964752E636F6D740009636C69656E745F696471007E002978737200256A6176612E7574696C2E436F6C6C656374696F6E7324556E6D6F6469666961626C65536574801D92D18F9B80550200007871007E0009737200176A6176612E7574696C2E4C696E6B656448617368536574D86CD75A95DD2A1E020000787200116A6176612E7574696C2E48617368536574BA44859596B8B7340300007870770C000000103F40000000000002740009524F4C455F5553455274000A524F4C455F41444D494E78017371007E0036770C000000103F40000000000000787371007E002C3F400000000000007708000000100000000078740014687474703A2F2F7777772E62616964752E636F6D707371007E0036770C000000103F40000000000001740003726573787371007E0036770C000000103F4000000000000171007E002F787372004F6F72672E737072696E676672616D65776F726B2E73656375726974792E61757468656E7469636174696F6E2E557365726E616D6550617373776F726441757468656E7469636174696F6E546F6B656E00000000000002120200024C000B63726564656E7469616C7371007E00054C00097072696E636970616C71007E00057871007E0003017371007E00077371007E000B0000000A77040000000A71007E000F71007E001171007E001371007E001571007E001771007E001971007E001B71007E001D71007E001F71007E00217871007E0043737200486F72672E737072696E676672616D65776F726B2E73656375726974792E7765622E61757468656E7469636174696F6E2E57656241757468656E7469636174696F6E44657461696C7300000000000002120200024C000D72656D6F74654164647265737371007E000E4C000973657373696F6E496471007E000E787074000F303A303A303A303A303A303A303A31740020314230364335434245363239434143323739424142344341413445313930313270737200326F72672E737072696E676672616D65776F726B2E73656375726974792E636F72652E7573657264657461696C732E5573657200000000000002120200075A00116163636F756E744E6F6E457870697265645A00106163636F756E744E6F6E4C6F636B65645A001563726564656E7469616C734E6F6E457870697265645A0007656E61626C65644C000B617574686F72697469657371007E00264C000870617373776F726471007E000E4C0008757365726E616D6571007E000E7870010101017371007E0033737200116A6176612E7574696C2E54726565536574DD98509395ED875B0300007870737200466F72672E737072696E676672616D65776F726B2E73656375726974792E636F72652E7573657264657461696C732E5573657224417574686F72697479436F6D70617261746F720000000000000212020000787077040000000A71007E000F71007E001171007E001371007E001571007E001771007E001971007E001B71007E001D71007E001F71007E0021787074000561646D696E);
INSERT INTO `oauth_code` VALUES ('5qFM9b', 0xACED0005737200416F72672E737072696E676672616D65776F726B2E73656375726974792E6F61757468322E70726F76696465722E4F417574683241757468656E7469636174696F6EBD400B02166252130200024C000D73746F7265645265717565737474003C4C6F72672F737072696E676672616D65776F726B2F73656375726974792F6F61757468322F70726F76696465722F4F4175746832526571756573743B4C00127573657241757468656E7469636174696F6E7400324C6F72672F737072696E676672616D65776F726B2F73656375726974792F636F72652F41757468656E7469636174696F6E3B787200476F72672E737072696E676672616D65776F726B2E73656375726974792E61757468656E7469636174696F6E2E416273747261637441757468656E7469636174696F6E546F6B656ED3AA287E6E47640E0200035A000D61757468656E746963617465644C000B617574686F7269746965737400164C6A6176612F7574696C2F436F6C6C656374696F6E3B4C000764657461696C737400124C6A6176612F6C616E672F4F626A6563743B787000737200266A6176612E7574696C2E436F6C6C656374696F6E7324556E6D6F6469666961626C654C697374FC0F2531B5EC8E100200014C00046C6973747400104C6A6176612F7574696C2F4C6973743B7872002C6A6176612E7574696C2E436F6C6C656374696F6E7324556E6D6F6469666961626C65436F6C6C656374696F6E19420080CB5EF71E0200014C00016371007E00047870737200136A6176612E7574696C2E41727261794C6973747881D21D99C7619D03000149000473697A6578700000000A77040000000A737200426F72672E737072696E676672616D65776F726B2E73656375726974792E636F72652E617574686F726974792E53696D706C654772616E746564417574686F7269747900000000000002120200014C0004726F6C657400124C6A6176612F6C616E672F537472696E673B787074000653797374656D7371007E000D74000D53797374656D436F6E74656E747371007E000D74001353797374656D436F6E74656E7444656C6574657371007E000D74001353797374656D436F6E74656E74496E736572747371007E000D74001353797374656D436F6E74656E745570646174657371007E000D74001153797374656D436F6E74656E74566965777371007E000D74000A53797374656D557365727371007E000D74001053797374656D5573657244656C6574657371007E000D74001053797374656D55736572496E736572747371007E000D74001053797374656D557365725570646174657871007E000C707372003A6F72672E737072696E676672616D65776F726B2E73656375726974792E6F61757468322E70726F76696465722E4F41757468325265717565737400000000000000010200075A0008617070726F7665644C000B617574686F72697469657371007E00044C000A657874656E73696F6E7374000F4C6A6176612F7574696C2F4D61703B4C000B726564697265637455726971007E000E4C00077265667265736874003B4C6F72672F737072696E676672616D65776F726B2F73656375726974792F6F61757468322F70726F76696465722F546F6B656E526571756573743B4C000B7265736F7572636549647374000F4C6A6176612F7574696C2F5365743B4C000D726573706F6E7365547970657371007E0026787200386F72672E737072696E676672616D65776F726B2E73656375726974792E6F61757468322E70726F76696465722E426173655265717565737436287A3EA37169BD0200034C0008636C69656E74496471007E000E4C001172657175657374506172616D657465727371007E00244C000573636F706571007E00267870740006636C69656E74737200256A6176612E7574696C2E436F6C6C656374696F6E7324556E6D6F6469666961626C654D6170F1A5A8FE74F507420200014C00016D71007E00247870737200116A6176612E7574696C2E486173684D61700507DAC1C31660D103000246000A6C6F6164466163746F724900097468726573686F6C6478703F400000000000067708000000080000000374000D726573706F6E73655F74797065740004636F646574000C72656469726563745F757269740014687474703A2F2F7777772E62616964752E636F6D740009636C69656E745F696471007E002978737200256A6176612E7574696C2E436F6C6C656374696F6E7324556E6D6F6469666961626C65536574801D92D18F9B80550200007871007E0009737200176A6176612E7574696C2E4C696E6B656448617368536574D86CD75A95DD2A1E020000787200116A6176612E7574696C2E48617368536574BA44859596B8B7340300007870770C000000103F40000000000003740008524F4C455F415049740009524F4C455F5553455274000A524F4C455F41444D494E78017371007E0036770C000000103F40000000000000787371007E002C3F400000000000007708000000100000000078740014687474703A2F2F7777772E62616964752E636F6D707371007E0036770C000000103F40000000000001740003726573787371007E0036770C000000103F4000000000000171007E002F787372004F6F72672E737072696E676672616D65776F726B2E73656375726974792E61757468656E7469636174696F6E2E557365726E616D6550617373776F726441757468656E7469636174696F6E546F6B656E00000000000002120200024C000B63726564656E7469616C7371007E00054C00097072696E636970616C71007E00057871007E0003017371007E00077371007E000B0000000A77040000000A71007E000F71007E001171007E001371007E001571007E001771007E001971007E001B71007E001D71007E001F71007E00217871007E0044737200486F72672E737072696E676672616D65776F726B2E73656375726974792E7765622E61757468656E7469636174696F6E2E57656241757468656E7469636174696F6E44657461696C7300000000000002120200024C000D72656D6F74654164647265737371007E000E4C000973657373696F6E496471007E000E787074000F303A303A303A303A303A303A303A31740020303239313345463335363738324542314245343234424345413343383945333270737200326F72672E737072696E676672616D65776F726B2E73656375726974792E636F72652E7573657264657461696C732E5573657200000000000002120200075A00116163636F756E744E6F6E457870697265645A00106163636F756E744E6F6E4C6F636B65645A001563726564656E7469616C734E6F6E457870697265645A0007656E61626C65644C000B617574686F72697469657371007E00264C000870617373776F726471007E000E4C0008757365726E616D6571007E000E7870010101017371007E0033737200116A6176612E7574696C2E54726565536574DD98509395ED875B0300007870737200466F72672E737072696E676672616D65776F726B2E73656375726974792E636F72652E7573657264657461696C732E5573657224417574686F72697479436F6D70617261746F720000000000000212020000787077040000000A71007E000F71007E001171007E001371007E001571007E001771007E001971007E001B71007E001D71007E001F71007E0021787074000561646D696E);
INSERT INTO `oauth_code` VALUES ('wBPH4H', 0xACED0005737200416F72672E737072696E676672616D65776F726B2E73656375726974792E6F61757468322E70726F76696465722E4F417574683241757468656E7469636174696F6EBD400B02166252130200024C000D73746F7265645265717565737474003C4C6F72672F737072696E676672616D65776F726B2F73656375726974792F6F61757468322F70726F76696465722F4F4175746832526571756573743B4C00127573657241757468656E7469636174696F6E7400324C6F72672F737072696E676672616D65776F726B2F73656375726974792F636F72652F41757468656E7469636174696F6E3B787200476F72672E737072696E676672616D65776F726B2E73656375726974792E61757468656E7469636174696F6E2E416273747261637441757468656E7469636174696F6E546F6B656ED3AA287E6E47640E0200035A000D61757468656E746963617465644C000B617574686F7269746965737400164C6A6176612F7574696C2F436F6C6C656374696F6E3B4C000764657461696C737400124C6A6176612F6C616E672F4F626A6563743B787000737200266A6176612E7574696C2E436F6C6C656374696F6E7324556E6D6F6469666961626C654C697374FC0F2531B5EC8E100200014C00046C6973747400104C6A6176612F7574696C2F4C6973743B7872002C6A6176612E7574696C2E436F6C6C656374696F6E7324556E6D6F6469666961626C65436F6C6C656374696F6E19420080CB5EF71E0200014C00016371007E00047870737200136A6176612E7574696C2E41727261794C6973747881D21D99C7619D03000149000473697A6578700000000A77040000000A737200426F72672E737072696E676672616D65776F726B2E73656375726974792E636F72652E617574686F726974792E53696D706C654772616E746564417574686F7269747900000000000002120200014C0004726F6C657400124C6A6176612F6C616E672F537472696E673B787074000653797374656D7371007E000D74000D53797374656D436F6E74656E747371007E000D74001353797374656D436F6E74656E7444656C6574657371007E000D74001353797374656D436F6E74656E74496E736572747371007E000D74001353797374656D436F6E74656E745570646174657371007E000D74001153797374656D436F6E74656E74566965777371007E000D74000A53797374656D557365727371007E000D74001053797374656D5573657244656C6574657371007E000D74001053797374656D55736572496E736572747371007E000D74001053797374656D557365725570646174657871007E000C707372003A6F72672E737072696E676672616D65776F726B2E73656375726974792E6F61757468322E70726F76696465722E4F41757468325265717565737400000000000000010200075A0008617070726F7665644C000B617574686F72697469657371007E00044C000A657874656E73696F6E7374000F4C6A6176612F7574696C2F4D61703B4C000B726564697265637455726971007E000E4C00077265667265736874003B4C6F72672F737072696E676672616D65776F726B2F73656375726974792F6F61757468322F70726F76696465722F546F6B656E526571756573743B4C000B7265736F7572636549647374000F4C6A6176612F7574696C2F5365743B4C000D726573706F6E7365547970657371007E0026787200386F72672E737072696E676672616D65776F726B2E73656375726974792E6F61757468322E70726F76696465722E426173655265717565737436287A3EA37169BD0200034C0008636C69656E74496471007E000E4C001172657175657374506172616D657465727371007E00244C000573636F706571007E00267870740006636C69656E74737200256A6176612E7574696C2E436F6C6C656374696F6E7324556E6D6F6469666961626C654D6170F1A5A8FE74F507420200014C00016D71007E00247870737200116A6176612E7574696C2E486173684D61700507DAC1C31660D103000246000A6C6F6164466163746F724900097468726573686F6C6478703F400000000000067708000000080000000374000D726573706F6E73655F74797065740004636F646574000C72656469726563745F757269740014687474703A2F2F7777772E62616964752E636F6D740009636C69656E745F696471007E002978737200256A6176612E7574696C2E436F6C6C656374696F6E7324556E6D6F6469666961626C65536574801D92D18F9B80550200007871007E0009737200176A6176612E7574696C2E4C696E6B656448617368536574D86CD75A95DD2A1E020000787200116A6176612E7574696C2E48617368536574BA44859596B8B7340300007870770C000000103F40000000000002740009524F4C455F5553455274000A524F4C455F41444D494E78017371007E0036770C000000103F40000000000000787371007E002C3F400000000000007708000000100000000078740014687474703A2F2F7777772E62616964752E636F6D707371007E0036770C000000103F40000000000001740003726573787371007E0036770C000000103F4000000000000171007E002F787372004F6F72672E737072696E676672616D65776F726B2E73656375726974792E61757468656E7469636174696F6E2E557365726E616D6550617373776F726441757468656E7469636174696F6E546F6B656E00000000000002120200024C000B63726564656E7469616C7371007E00054C00097072696E636970616C71007E00057871007E0003017371007E00077371007E000B0000000A77040000000A71007E000F71007E001171007E001371007E001571007E001771007E001971007E001B71007E001D71007E001F71007E00217871007E0043737200486F72672E737072696E676672616D65776F726B2E73656375726974792E7765622E61757468656E7469636174696F6E2E57656241757468656E7469636174696F6E44657461696C7300000000000002120200024C000D72656D6F74654164647265737371007E000E4C000973657373696F6E496471007E000E787074000F303A303A303A303A303A303A303A31740020303239313345463335363738324542314245343234424345413343383945333270737200326F72672E737072696E676672616D65776F726B2E73656375726974792E636F72652E7573657264657461696C732E5573657200000000000002120200075A00116163636F756E744E6F6E457870697265645A00106163636F756E744E6F6E4C6F636B65645A001563726564656E7469616C734E6F6E457870697265645A0007656E61626C65644C000B617574686F72697469657371007E00264C000870617373776F726471007E000E4C0008757365726E616D6571007E000E7870010101017371007E0033737200116A6176612E7574696C2E54726565536574DD98509395ED875B0300007870737200466F72672E737072696E676672616D65776F726B2E73656375726974792E636F72652E7573657264657461696C732E5573657224417574686F72697479436F6D70617261746F720000000000000212020000787077040000000A71007E000F71007E001171007E001371007E001571007E001771007E001971007E001B71007E001D71007E001F71007E0021787074000561646D696E);

-- ----------------------------
-- Table structure for oauth_refresh_token
-- ----------------------------
DROP TABLE IF EXISTS `oauth_refresh_token`;
CREATE TABLE `oauth_refresh_token` (
  `token_id` varchar(128) DEFAULT NULL,
  `token` blob,
  `authentication` blob
) ENGINE=InnoDB DEFAULT CHARSET=utf8;

-- ----------------------------
-- Records of oauth_refresh_token
-- ----------------------------
INSERT INTO `oauth_refresh_token` VALUES ('31b0db4e97e45e86d813e68a53fb1886', 0xACED00057372004C6F72672E737072696E676672616D65776F726B2E73656375726974792E6F61757468322E636F6D6D6F6E2E44656661756C744578706972696E674F417574683252656672657368546F6B656E2FDF47639DD0C9B70200014C000A65787069726174696F6E7400104C6A6176612F7574696C2F446174653B787200446F72672E737072696E676672616D65776F726B2E73656375726974792E6F61757468322E636F6D6D6F6E2E44656661756C744F417574683252656672657368546F6B656E73E10E0A6354D45E0200014C000576616C75657400124C6A6176612F6C616E672F537472696E673B787074002431643734306632322D663766332D346531322D383637612D3431396165303835333061367372000E6A6176612E7574696C2E44617465686A81014B5974190300007870770800000175C4B2A43D78, 0xACED0005737200416F72672E737072696E676672616D65776F726B2E73656375726974792E6F61757468322E70726F76696465722E4F417574683241757468656E7469636174696F6EBD400B02166252130200024C000D73746F7265645265717565737474003C4C6F72672F737072696E676672616D65776F726B2F73656375726974792F6F61757468322F70726F76696465722F4F4175746832526571756573743B4C00127573657241757468656E7469636174696F6E7400324C6F72672F737072696E676672616D65776F726B2F73656375726974792F636F72652F41757468656E7469636174696F6E3B787200476F72672E737072696E676672616D65776F726B2E73656375726974792E61757468656E7469636174696F6E2E416273747261637441757468656E7469636174696F6E546F6B656ED3AA287E6E47640E0200035A000D61757468656E746963617465644C000B617574686F7269746965737400164C6A6176612F7574696C2F436F6C6C656374696F6E3B4C000764657461696C737400124C6A6176612F6C616E672F4F626A6563743B787000737200266A6176612E7574696C2E436F6C6C656374696F6E7324556E6D6F6469666961626C654C697374FC0F2531B5EC8E100200014C00046C6973747400104C6A6176612F7574696C2F4C6973743B7872002C6A6176612E7574696C2E436F6C6C656374696F6E7324556E6D6F6469666961626C65436F6C6C656374696F6E19420080CB5EF71E0200014C00016371007E00047870737200136A6176612E7574696C2E41727261794C6973747881D21D99C7619D03000149000473697A65787000000009770400000009737200426F72672E737072696E676672616D65776F726B2E73656375726974792E636F72652E617574686F726974792E53696D706C654772616E746564417574686F7269747900000000000002120200014C0004726F6C657400124C6A6176612F6C616E672F537472696E673B787074000653797374656D7371007E000D74001353797374656D436F6E74656E7444656C6574657371007E000D74001353797374656D436F6E74656E74496E736572747371007E000D74001353797374656D436F6E74656E745570646174657371007E000D74001153797374656D436F6E74656E74566965777371007E000D74000A53797374656D557365727371007E000D74001053797374656D5573657244656C6574657371007E000D74001053797374656D55736572496E736572747371007E000D74001053797374656D557365725570646174657871007E000C707372003A6F72672E737072696E676672616D65776F726B2E73656375726974792E6F61757468322E70726F76696465722E4F41757468325265717565737400000000000000010200075A0008617070726F7665644C000B617574686F72697469657371007E00044C000A657874656E73696F6E7374000F4C6A6176612F7574696C2F4D61703B4C000B726564697265637455726971007E000E4C00077265667265736874003B4C6F72672F737072696E676672616D65776F726B2F73656375726974792F6F61757468322F70726F76696465722F546F6B656E526571756573743B4C000B7265736F7572636549647374000F4C6A6176612F7574696C2F5365743B4C000D726573706F6E7365547970657371007E0024787200386F72672E737072696E676672616D65776F726B2E73656375726974792E6F61757468322E70726F76696465722E426173655265717565737436287A3EA37169BD0200034C0008636C69656E74496471007E000E4C001172657175657374506172616D657465727371007E00224C000573636F706571007E00247870740006636C69656E74737200256A6176612E7574696C2E436F6C6C656374696F6E7324556E6D6F6469666961626C654D6170F1A5A8FE74F507420200014C00016D71007E00227870737200116A6176612E7574696C2E486173684D61700507DAC1C31660D103000246000A6C6F6164466163746F724900097468726573686F6C6478703F400000000000067708000000080000000474000D726573706F6E73655F74797065740004636F6465740004636F646574000643543631383274000A6772616E745F74797065740012617574686F72697A6174696F6E5F636F6465740009636C69656E745F696471007E002778737200256A6176612E7574696C2E436F6C6C656374696F6E7324556E6D6F6469666961626C65536574801D92D18F9B80550200007871007E0009737200176A6176612E7574696C2E4C696E6B656448617368536574D86CD75A95DD2A1E020000787200116A6176612E7574696C2E48617368536574BA44859596B8B7340300007870770C000000103F40000000000003740008524F4C455F415049740009524F4C455F5553455274000A524F4C455F41444D494E78017371007E0036770C000000103F40000000000000787371007E002A3F400000000000007708000000100000000078740014687474703A2F2F7777772E62616964752E636F6D707371007E0036770C000000103F400000000000037400037265737400046175746874000776656869636C65787371007E0036770C000000103F4000000000000171007E002D787372004F6F72672E737072696E676672616D65776F726B2E73656375726974792E61757468656E7469636174696F6E2E557365726E616D6550617373776F726441757468656E7469636174696F6E546F6B656E00000000000002120200024C000B63726564656E7469616C7371007E00054C00097072696E636970616C71007E00057871007E0003017371007E00077371007E000B0000000977040000000971007E000F71007E001171007E001371007E001571007E001771007E001971007E001B71007E001D71007E001F7871007E0046737200486F72672E737072696E676672616D65776F726B2E73656375726974792E7765622E61757468656E7469636174696F6E2E57656241757468656E7469636174696F6E44657461696C7300000000000002120200024C000D72656D6F74654164647265737371007E000E4C000973657373696F6E496471007E000E787074000F303A303A303A303A303A303A303A31740020303341433741384635423231444631443832463033313042373030393642304370737200326F72672E737072696E676672616D65776F726B2E73656375726974792E636F72652E7573657264657461696C732E5573657200000000000002120200075A00116163636F756E744E6F6E457870697265645A00106163636F756E744E6F6E4C6F636B65645A001563726564656E7469616C734E6F6E457870697265645A0007656E61626C65644C000B617574686F72697469657371007E00244C000870617373776F726471007E000E4C0008757365726E616D6571007E000E7870010101017371007E0033737200116A6176612E7574696C2E54726565536574DD98509395ED875B0300007870737200466F72672E737072696E676672616D65776F726B2E73656375726974792E636F72652E7573657264657461696C732E5573657224417574686F72697479436F6D70617261746F720000000000000212020000787077040000000971007E000F71007E001171007E001371007E001571007E001771007E001971007E001B71007E001D71007E001F787074000561646D696E);
INSERT INTO `oauth_refresh_token` VALUES ('c1142e52f0c095c7f44066c96843803f', 0xACED00057372004C6F72672E737072696E676672616D65776F726B2E73656375726974792E6F61757468322E636F6D6D6F6E2E44656661756C744578706972696E674F417574683252656672657368546F6B656E2FDF47639DD0C9B70200014C000A65787069726174696F6E7400104C6A6176612F7574696C2F446174653B787200446F72672E737072696E676672616D65776F726B2E73656375726974792E6F61757468322E636F6D6D6F6E2E44656661756C744F417574683252656672657368546F6B656E73E10E0A6354D45E0200014C000576616C75657400124C6A6176612F6C616E672F537472696E673B787074002434656362623563662D303063342D343165662D623738642D3638303933313861363662327372000E6A6176612E7574696C2E44617465686A81014B5974190300007870770800000175C5519DFC78, 0xACED0005737200416F72672E737072696E676672616D65776F726B2E73656375726974792E6F61757468322E70726F76696465722E4F417574683241757468656E7469636174696F6EBD400B02166252130200024C000D73746F7265645265717565737474003C4C6F72672F737072696E676672616D65776F726B2F73656375726974792F6F61757468322F70726F76696465722F4F4175746832526571756573743B4C00127573657241757468656E7469636174696F6E7400324C6F72672F737072696E676672616D65776F726B2F73656375726974792F636F72652F41757468656E7469636174696F6E3B787200476F72672E737072696E676672616D65776F726B2E73656375726974792E61757468656E7469636174696F6E2E416273747261637441757468656E7469636174696F6E546F6B656ED3AA287E6E47640E0200035A000D61757468656E746963617465644C000B617574686F7269746965737400164C6A6176612F7574696C2F436F6C6C656374696F6E3B4C000764657461696C737400124C6A6176612F6C616E672F4F626A6563743B787000737200266A6176612E7574696C2E436F6C6C656374696F6E7324556E6D6F6469666961626C654C697374FC0F2531B5EC8E100200014C00046C6973747400104C6A6176612F7574696C2F4C6973743B7872002C6A6176612E7574696C2E436F6C6C656374696F6E7324556E6D6F6469666961626C65436F6C6C656374696F6E19420080CB5EF71E0200014C00016371007E00047870737200136A6176612E7574696C2E41727261794C6973747881D21D99C7619D03000149000473697A65787000000009770400000009737200426F72672E737072696E676672616D65776F726B2E73656375726974792E636F72652E617574686F726974792E53696D706C654772616E746564417574686F7269747900000000000002120200014C0004726F6C657400124C6A6176612F6C616E672F537472696E673B787074000653797374656D7371007E000D74001353797374656D436F6E74656E7444656C6574657371007E000D74001353797374656D436F6E74656E74496E736572747371007E000D74001353797374656D436F6E74656E745570646174657371007E000D74001153797374656D436F6E74656E74566965777371007E000D74000A53797374656D557365727371007E000D74001053797374656D5573657244656C6574657371007E000D74001053797374656D55736572496E736572747371007E000D74001053797374656D557365725570646174657871007E000C707372003A6F72672E737072696E676672616D65776F726B2E73656375726974792E6F61757468322E70726F76696465722E4F41757468325265717565737400000000000000010200075A0008617070726F7665644C000B617574686F72697469657371007E00044C000A657874656E73696F6E7374000F4C6A6176612F7574696C2F4D61703B4C000B726564697265637455726971007E000E4C00077265667265736874003B4C6F72672F737072696E676672616D65776F726B2F73656375726974792F6F61757468322F70726F76696465722F546F6B656E526571756573743B4C000B7265736F7572636549647374000F4C6A6176612F7574696C2F5365743B4C000D726573706F6E7365547970657371007E0024787200386F72672E737072696E676672616D65776F726B2E73656375726974792E6F61757468322E70726F76696465722E426173655265717565737436287A3EA37169BD0200034C0008636C69656E74496471007E000E4C001172657175657374506172616D657465727371007E00224C000573636F706571007E00247870740006636C69656E74737200256A6176612E7574696C2E436F6C6C656374696F6E7324556E6D6F6469666961626C654D6170F1A5A8FE74F507420200014C00016D71007E00227870737200116A6176612E7574696C2E486173684D61700507DAC1C31660D103000246000A6C6F6164466163746F724900097468726573686F6C6478703F400000000000067708000000080000000374000A6772616E745F7479706574000870617373776F7264740008757365726E616D6574000561646D696E74000573636F706574000A524F4C455F41444D494E78737200256A6176612E7574696C2E436F6C6C656374696F6E7324556E6D6F6469666961626C65536574801D92D18F9B80550200007871007E0009737200176A6176612E7574696C2E4C696E6B656448617368536574D86CD75A95DD2A1E020000787200116A6176612E7574696C2E48617368536574BA44859596B8B7340300007870770C000000103F4000000000000171007E003178017371007E0035770C000000103F40000000000000787371007E002A3F40000000000000770800000010000000007870707371007E0035770C000000103F400000000000037400037265737400046175746874000776656869636C65787371007E0035770C000000103F40000000000000787372004F6F72672E737072696E676672616D65776F726B2E73656375726974792E61757468656E7469636174696F6E2E557365726E616D6550617373776F726441757468656E7469636174696F6E546F6B656E00000000000002120200024C000B63726564656E7469616C7371007E00054C00097072696E636970616C71007E00057871007E0003017371007E00077371007E000B0000000977040000000971007E000F71007E001171007E001371007E001571007E001771007E001971007E001B71007E001D71007E001F7871007E0041737200176A6176612E7574696C2E4C696E6B6564486173684D617034C04E5C106CC0FB0200015A000B6163636573734F726465727871007E002A3F400000000000067708000000080000000371007E002C71007E002D71007E002E71007E002F71007E003071007E0031780070737200326F72672E737072696E676672616D65776F726B2E73656375726974792E636F72652E7573657264657461696C732E5573657200000000000002120200075A00116163636F756E744E6F6E457870697265645A00106163636F756E744E6F6E4C6F636B65645A001563726564656E7469616C734E6F6E457870697265645A0007656E61626C65644C000B617574686F72697469657371007E00244C000870617373776F726471007E000E4C0008757365726E616D6571007E000E7870010101017371007E0032737200116A6176612E7574696C2E54726565536574DD98509395ED875B0300007870737200466F72672E737072696E676672616D65776F726B2E73656375726974792E636F72652E7573657264657461696C732E5573657224417574686F72697479436F6D70617261746F720000000000000212020000787077040000000971007E000F71007E001171007E001371007E001571007E001771007E001971007E001B71007E001D71007E001F787074000561646D696E);

-- ----------------------------
-- Table structure for tb_content
-- ----------------------------
DROP TABLE IF EXISTS `tb_content`;
CREATE TABLE `tb_content` (
  `id` bigint(20) NOT NULL AUTO_INCREMENT,
  `category_id` bigint(20) NOT NULL COMMENT '内容类目ID',
  `title` varchar(200) DEFAULT NULL COMMENT '内容标题',
  `sub_title` varchar(100) DEFAULT NULL COMMENT '子标题',
  `title_desc` varchar(500) DEFAULT NULL COMMENT '标题描述',
  `url` varchar(500) DEFAULT NULL COMMENT '链接',
  `pic` varchar(300) DEFAULT NULL COMMENT '图片绝对路径',
  `pic2` varchar(300) DEFAULT NULL COMMENT '图片2',
  `content` text COMMENT '内容',
  `created` datetime DEFAULT NULL,
  `updated` datetime DEFAULT NULL,
  PRIMARY KEY (`id`),
  KEY `category_id` (`category_id`),
  KEY `updated` (`updated`)
) ENGINE=InnoDB AUTO_INCREMENT=32 DEFAULT CHARSET=utf8;

-- ----------------------------
-- Records of tb_content
-- ----------------------------
INSERT INTO `tb_content` VALUES ('28', '89', '标题', '子标题', '标题说明', 'http://www.jd.com', null, null, null, '2019-04-07 00:56:09', '2019-04-07 00:56:11');
INSERT INTO `tb_content` VALUES ('29', '89', 'ad2', 'ad2', 'ad2', 'http://www.baidu.com', null, null, null, '2019-04-07 00:56:13', '2019-04-07 00:56:15');
INSERT INTO `tb_content` VALUES ('30', '89', 'ad3', 'ad3', 'ad3', 'http://www.sina.com.cn', null, null, null, '2019-04-07 00:56:17', '2019-04-07 00:56:19');
INSERT INTO `tb_content` VALUES ('31', '89', 'ad4', 'ad4', 'ad4', 'http://www.funtl.com', null, null, null, '2019-04-07 00:56:22', '2019-04-07 00:56:25');

-- ----------------------------
-- Table structure for tb_content_category
-- ----------------------------
DROP TABLE IF EXISTS `tb_content_category`;
CREATE TABLE `tb_content_category` (
  `id` bigint(20) NOT NULL AUTO_INCREMENT COMMENT '类目ID',
  `parent_id` bigint(20) DEFAULT NULL COMMENT '父类目ID=0时，代表的是一级的类目',
  `name` varchar(50) DEFAULT NULL COMMENT '分类名称',
  `status` int(1) DEFAULT '1' COMMENT '状态。可选值:1(正常),2(删除)',
  `sort_order` int(4) DEFAULT NULL COMMENT '排列序号，表示同级类目的展现次序，如数值相等则按名称次序排列。取值范围:大于零的整数',
  `is_parent` tinyint(1) DEFAULT '1' COMMENT '该类目是否为父类目，1为true，0为false',
  `created` datetime DEFAULT NULL COMMENT '创建时间',
  `updated` datetime DEFAULT NULL COMMENT '创建时间',
  PRIMARY KEY (`id`),
  KEY `parent_id` (`parent_id`,`status`) USING BTREE,
  KEY `sort_order` (`sort_order`)
) ENGINE=InnoDB AUTO_INCREMENT=98 DEFAULT CHARSET=utf8 COMMENT='内容分类';

-- ----------------------------
-- Records of tb_content_category
-- ----------------------------
INSERT INTO `tb_content_category` VALUES ('30', '0', 'LeeShop', '1', '1', '1', '2015-04-03 16:51:38', '2015-04-03 16:51:40');
INSERT INTO `tb_content_category` VALUES ('86', '30', '首页', '1', '1', '1', '2015-06-07 15:36:07', '2015-06-07 15:36:07');
INSERT INTO `tb_content_category` VALUES ('87', '30', '列表页面', '1', '1', '1', '2015-06-07 15:36:16', '2015-06-07 15:36:16');
INSERT INTO `tb_content_category` VALUES ('88', '30', '详细页面', '1', '1', '1', '2015-06-07 15:36:27', '2015-06-07 15:36:27');
INSERT INTO `tb_content_category` VALUES ('89', '86', '大广告', '1', '1', '0', '2015-06-07 15:36:38', '2015-06-07 15:36:38');
INSERT INTO `tb_content_category` VALUES ('90', '86', '小广告', '1', '1', '0', '2015-06-07 15:36:45', '2015-06-07 15:36:45');
INSERT INTO `tb_content_category` VALUES ('91', '86', '商城快报', '1', '1', '0', '2015-06-07 15:36:55', '2015-06-07 15:36:55');
INSERT INTO `tb_content_category` VALUES ('92', '87', '边栏广告', '1', '1', '0', '2015-06-07 15:37:07', '2015-06-07 15:37:07');
INSERT INTO `tb_content_category` VALUES ('93', '87', '页头广告', '1', '1', '0', '2015-06-07 15:37:17', '2015-06-07 15:37:17');
INSERT INTO `tb_content_category` VALUES ('94', '87', '页脚广告', '1', '1', '0', '2015-06-07 15:37:31', '2015-06-07 15:37:31');
INSERT INTO `tb_content_category` VALUES ('95', '88', '边栏广告', '1', '1', '0', '2015-06-07 15:37:56', '2015-06-07 15:37:56');
INSERT INTO `tb_content_category` VALUES ('96', '86', '中广告', '1', '1', '1', '2015-07-25 18:58:52', '2015-07-25 18:58:52');
INSERT INTO `tb_content_category` VALUES ('97', '96', '中广告1', '1', '1', '0', '2015-07-25 18:59:43', '2015-07-25 18:59:43');

-- ----------------------------
-- Table structure for tb_org
-- ----------------------------
DROP TABLE IF EXISTS `tb_org`;
CREATE TABLE `tb_org` (
  `id` bigint(20) NOT NULL AUTO_INCREMENT,
  `parentId` int(11) DEFAULT NULL,
  `name` varchar(255) CHARACTER SET utf8 DEFAULT NULL,
  `idpath` varchar(255) CHARACTER SET utf8 DEFAULT NULL,
  `created` datetime DEFAULT NULL,
  `updated` datetime DEFAULT NULL,
  PRIMARY KEY (`id`)
) ENGINE=InnoDB AUTO_INCREMENT=138 DEFAULT CHARSET=latin1;

-- ----------------------------
-- Records of tb_org
-- ----------------------------
INSERT INTO `tb_org` VALUES ('136', null, '木里河', null, '2020-09-24 15:04:10', '2020-09-24 15:04:11');
INSERT INTO `tb_org` VALUES ('137', '136', '办公室', '136', '2020-09-24 15:04:47', '2020-09-24 15:04:49');

-- ----------------------------
-- Table structure for tb_permission
-- ----------------------------
DROP TABLE IF EXISTS `tb_permission`;
CREATE TABLE `tb_permission` (
  `id` bigint(20) NOT NULL AUTO_INCREMENT,
  `parent_id` bigint(20) DEFAULT NULL COMMENT '父权限',
  `name` varchar(64) NOT NULL COMMENT '权限名称',
  `enname` varchar(64) NOT NULL COMMENT '权限英文名称',
  `url` varchar(255) NOT NULL COMMENT '授权路径',
  `description` varchar(200) DEFAULT NULL COMMENT '备注',
  `created` datetime NOT NULL,
  `updated` datetime NOT NULL,
  PRIMARY KEY (`id`)
) ENGINE=InnoDB AUTO_INCREMENT=49 DEFAULT CHARSET=utf8 COMMENT='权限表';

-- ----------------------------
-- Records of tb_permission
-- ----------------------------
INSERT INTO `tb_permission` VALUES ('37', '0', '系统管理', 'System', '/', null, '2019-04-04 23:22:54', '2019-04-04 23:22:56');
INSERT INTO `tb_permission` VALUES ('38', '37', '用户管理', 'SystemUser', '/users/', null, '2019-04-04 23:25:31', '2019-04-04 23:25:33');
INSERT INTO `tb_permission` VALUES ('39', '38', '查看用户', 'SystemUserView', '/users/view/**', null, '2019-04-04 15:30:30', '2019-04-04 15:30:43');
INSERT INTO `tb_permission` VALUES ('40', '38', '新增用户', 'SystemUserInsert', '/users/insert/**', null, '2019-04-04 15:30:31', '2019-04-04 15:30:44');
INSERT INTO `tb_permission` VALUES ('41', '38', '编辑用户', 'SystemUserUpdate', '/users/update/**', null, '2019-04-04 15:30:32', '2019-04-04 15:30:45');
INSERT INTO `tb_permission` VALUES ('42', '38', '删除用户', 'SystemUserDelete', '/users/delete/**', null, '2019-04-04 15:30:48', '2019-04-04 15:30:45');
INSERT INTO `tb_permission` VALUES ('44', '37', '内容管理', 'SystemContent', '/contents/', null, '2019-04-06 18:23:58', '2019-04-06 18:24:00');
INSERT INTO `tb_permission` VALUES ('45', '44', '查看内容', 'SystemContentView', '/contents/view/**', null, '2019-04-06 23:49:39', '2019-04-06 23:49:41');
INSERT INTO `tb_permission` VALUES ('46', '44', '新增内容', 'SystemContentInsert', '/contents/insert/**', null, '2019-04-06 23:51:00', '2019-04-06 23:51:02');
INSERT INTO `tb_permission` VALUES ('47', '44', '编辑内容', 'SystemContentUpdate', '/contents/update/**', null, '2019-04-06 23:51:04', '2019-04-06 23:51:06');
INSERT INTO `tb_permission` VALUES ('48', '44', '删除内容', 'SystemContentDelete', '/contents/delete/**', null, '2019-04-06 23:51:08', '2019-04-06 23:51:10');

-- ----------------------------
-- Table structure for tb_role
-- ----------------------------
DROP TABLE IF EXISTS `tb_role`;
CREATE TABLE `tb_role` (
  `id` bigint(20) NOT NULL AUTO_INCREMENT,
  `parent_id` bigint(20) DEFAULT NULL COMMENT '父角色',
  `name` varchar(64) NOT NULL COMMENT '角色名称',
  `enname` varchar(64) NOT NULL COMMENT '角色英文名称',
  `description` varchar(200) DEFAULT NULL COMMENT '备注',
  `created` datetime NOT NULL,
  `updated` datetime NOT NULL,
  PRIMARY KEY (`id`)
) ENGINE=InnoDB AUTO_INCREMENT=38 DEFAULT CHARSET=utf8 COMMENT='角色表';

-- ----------------------------
-- Records of tb_role
-- ----------------------------
INSERT INTO `tb_role` VALUES ('37', '0', '超级管理员', 'admin', null, '2019-04-04 23:22:03', '2019-04-04 23:22:05');

-- ----------------------------
-- Table structure for tb_role_permission
-- ----------------------------
DROP TABLE IF EXISTS `tb_role_permission`;
CREATE TABLE `tb_role_permission` (
  `id` bigint(20) NOT NULL AUTO_INCREMENT,
  `role_id` bigint(20) NOT NULL COMMENT '角色 ID',
  `permission_id` bigint(20) NOT NULL COMMENT '权限 ID',
  PRIMARY KEY (`id`)
) ENGINE=InnoDB AUTO_INCREMENT=48 DEFAULT CHARSET=utf8 COMMENT='角色权限表';

-- ----------------------------
-- Records of tb_role_permission
-- ----------------------------
INSERT INTO `tb_role_permission` VALUES ('37', '37', '37');
INSERT INTO `tb_role_permission` VALUES ('38', '37', '38');
INSERT INTO `tb_role_permission` VALUES ('40', '37', '40');
INSERT INTO `tb_role_permission` VALUES ('41', '37', '41');
INSERT INTO `tb_role_permission` VALUES ('42', '37', '42');
INSERT INTO `tb_role_permission` VALUES ('44', '37', '45');
INSERT INTO `tb_role_permission` VALUES ('45', '37', '46');
INSERT INTO `tb_role_permission` VALUES ('46', '37', '47');
INSERT INTO `tb_role_permission` VALUES ('47', '37', '48');

-- ----------------------------
-- Table structure for tb_user
-- ----------------------------
DROP TABLE IF EXISTS `tb_user`;
CREATE TABLE `tb_user` (
  `id` bigint(20) NOT NULL AUTO_INCREMENT,
  `username` varchar(50) NOT NULL COMMENT '用户名',
  `name` varchar(255) NOT NULL,
  `password` varchar(64) NOT NULL COMMENT '密码，加密存储',
  `phone` varchar(20) DEFAULT NULL COMMENT '注册手机号',
  `email` varchar(50) DEFAULT NULL COMMENT '注册邮箱',
  `created` datetime NOT NULL,
  `updated` datetime NOT NULL,
  PRIMARY KEY (`id`),
  UNIQUE KEY `username` (`username`) USING BTREE,
  UNIQUE KEY `phone` (`phone`) USING BTREE,
  UNIQUE KEY `email` (`email`) USING BTREE
) ENGINE=InnoDB AUTO_INCREMENT=38 DEFAULT CHARSET=utf8 COMMENT='用户表';

-- ----------------------------
-- Records of tb_user
-- ----------------------------
INSERT INTO `tb_user` VALUES ('37', 'admin', '阿德曼', '$2a$10$hty8OGt7DQ/ihHMIKFdYrOxaxqrRVHUBIx90Aw2KDYsw6KBB2gKXu', '15888888888', 'lee.lusifer@gmail.com', '2019-04-04 23:21:27', '2019-04-04 23:21:29');

-- ----------------------------
-- Table structure for tb_user_org
-- ----------------------------
DROP TABLE IF EXISTS `tb_user_org`;
CREATE TABLE `tb_user_org` (
  `id` bigint(20) NOT NULL,
  `user_id` bigint(20) DEFAULT NULL,
  `org_id` bigint(20) DEFAULT NULL,
  PRIMARY KEY (`id`),
  KEY `user_id` (`user_id`),
  KEY `org_id` (`org_id`),
  CONSTRAINT `tb_user_org_ibfk_1` FOREIGN KEY (`user_id`) REFERENCES `tb_user` (`id`) ON DELETE CASCADE,
  CONSTRAINT `tb_user_org_ibfk_2` FOREIGN KEY (`org_id`) REFERENCES `tb_org` (`id`)
) ENGINE=InnoDB DEFAULT CHARSET=latin1;

-- ----------------------------
-- Records of tb_user_org
-- ----------------------------

-- ----------------------------
-- Table structure for tb_user_role
-- ----------------------------
DROP TABLE IF EXISTS `tb_user_role`;
CREATE TABLE `tb_user_role` (
  `id` bigint(20) NOT NULL AUTO_INCREMENT,
  `user_id` bigint(20) NOT NULL COMMENT '用户 ID',
  `role_id` bigint(20) NOT NULL COMMENT '角色 ID',
  PRIMARY KEY (`id`)
) ENGINE=InnoDB AUTO_INCREMENT=38 DEFAULT CHARSET=utf8 COMMENT='用户角色表';

-- ----------------------------
-- Records of tb_user_role
-- ----------------------------
INSERT INTO `tb_user_role` VALUES ('37', '37', '37');

-- ----------------------------
-- Table structure for tb_vehicle
-- ----------------------------
DROP TABLE IF EXISTS `tb_vehicle`;
CREATE TABLE `tb_vehicle` (
  `id` bigint(20) NOT NULL,
  `plate_num` varchar(255) CHARACTER SET utf8 NOT NULL COMMENT '车牌号',
  `type` int(11) DEFAULT NULL COMMENT '车辆类型 数据字典维护',
  `seat` varchar(255) CHARACTER SET utf8 DEFAULT NULL COMMENT '核定座位',
  `init_mileage` decimal(10,2) DEFAULT NULL COMMENT '初始里程',
  `cur_mileage` decimal(10,2) DEFAULT NULL COMMENT '当前里程',
  `color` varchar(255) CHARACTER SET utf8 DEFAULT NULL COMMENT '车辆颜色',
  `brand` varchar(255) CHARACTER SET utf8 DEFAULT NULL COMMENT '车辆品牌',
  `tank_volume` double DEFAULT NULL COMMENT '油箱容积',
  `purchase_date` datetime DEFAULT NULL COMMENT '购入日期',
  `status` bigint(20) DEFAULT NULL COMMENT '当前状态(0、已停用；1、出车中；2、未使用；3、维修中)',
  `created` datetime DEFAULT NULL,
  `updated` datetime DEFAULT NULL ON UPDATE CURRENT_TIMESTAMP,
  PRIMARY KEY (`id`)
) ENGINE=InnoDB DEFAULT CHARSET=latin1;

-- ----------------------------
-- Records of tb_vehicle
-- ----------------------------
INSERT INTO `tb_vehicle` VALUES ('1300346143416520705', '川A6655R', '1', '5', '249508.00', '257348.00', '黑色', '奥迪轿车2.4', null, '2007-09-27 00:00:00', '3', null, '2020-09-21 16:54:56');
INSERT INTO `tb_vehicle` VALUES ('1300346143563321345', '川AQB527', '1', '5', '160548.00', '180130.00', '白色', '奥迪轿车2.4', null, '2006-06-01 00:00:00', '2', null, '2020-09-21 16:54:59');
